"Vehicle Import File","ملف استيراد مركبة"
"Vehicle Master","سجل المركبة"
"AN Truck Settings","إعدادات AN Truck"
"Vehicle Import Status","حالة استيراد المركبات"
"Imported Vehicle Register","سجل المركبات المستوردة"
"VIN","رقم الهيكل"
"Chassis Number","رقم الشاسيه"
"Received","تم الاستلام"
"In Stock","في المخزون"
"Receipt Cancelled","تم إلغاء الاستلام"
"Transaction Control Panel","لوحة تنفيذ العمليات"
"Create Purchase Order","إنشاء أمر شراء"
"Record Purchase Receipt","تسجيل استلام الشاحنات"
"Create Purchase Invoice","إنشاء فاتورة مشتريات"
"Record Supplier Payment","تسجيل دفعة للمورد"
"Add Landed Cost","إضافة تكلفة الاستيراد"
"Create Customer Quotation","إنشاء عرض سعر"
"Create Sales Order","إنشاء أمر مبيعات"
"Create Delivery Note","تسجيل تسليم المركبة"
"Create Sales Invoice","إنشاء فاتورة مبيعات"
"Record Customer Payment","تسجيل دفعة العميل"
"View Vehicles","عرض المركبات"
"Complete Vehicle Information","استكمال بيانات المركبة"
"Start Vehicle Inspection","بدء فحص المركبة"
"Import Summary","ملخص الاستيراد"
"Purchasing","المشتريات"
"Receiving and VINs","الاستلام وأرقام الهيكل"
"Import Costs","تكاليف الاستيراد"
"Sales and Delivery","المبيعات والتسليم"
"Payments","المدفوعات"
"Activity and Audit Trail","النشاط وسجل التدقيق"
"Document Number","رقم المستند"
"Outstanding Amount","المبلغ المستحق"
"VIN / Chassis Number","رقم الهيكل / الشاسيه"
"Vehicle Import Files","ملفات استيراد المركبات"
"Supplier Payment","دفعات الموردين"
"Customer Payments","دفعات العملاء"
"VIN / Serial Number","رقم الهيكل / الرقم التسلسلي"
"Sales Quotations","عروض أسعار البيع"
"Sales Invoices","فواتير المبيعات"
"Landed Cost Voucher","سند تكاليف الاستيراد"
"Open Vehicle Import Files","ملفات الاستيراد المفتوحة"
"Trucks Awaiting Purchase","بانتظار الشراء"
"Trucks Awaiting Receipt","بانتظار الاستلام"
"Trucks Awaiting VIN Completion","بانتظار استكمال رقم الهيكل"
"Trucks Awaiting Inspection","بانتظار الفحص"
"Unpaid Supplier Invoices","فواتير الموردين غير المسددة"
"Vehicle Profit & Partner Share","أرباح المركبات وحصص الشركاء"
"Vehicle / Item","المركبة / الصنف"
"Vehicle Model","موديل المركبة"
"Sale Date","تاريخ البيع"
"From Sale Date","من تاريخ البيع"
"To Sale Date","إلى تاريخ البيع"
"Profit / Loss","الربح / الخسارة"
"Total Profit / Loss","إجمالي الربح / الخسارة"
"Chinese Partner Share (49%)","حصة الشريك الصيني (49%)"
"Abu Turki / Showroom Share (51%)","حصة أبو تركي / المعرض (51%)"
"Chinese Partner Share 49%","حصة الشريك الصيني 49%"
"Abu Turki / Showroom Share 51%","حصة أبو تركي / المعرض 51%"
"Profit Distribution Status","حالة تقسيم الأرباح"
"Profit Distributed","تم تقسيم الأرباح"
"Profit Distributed On","تاريخ تقسيم الأرباح"
"Profit Distributed By","تم التقسيم بواسطة"
"Distributed","تم التقسيم"
"Not Distributed","لم يتم التقسيم"
"Distributed On","تاريخ التقسيم"
"Distributed By","تم التقسيم بواسطة"
"Sold Vehicles","المركبات المباعة"
"Total Sales","إجمالي المبيعات"
"Total Final Cost","إجمالي التكلفة النهائية"
"Net Profit / Loss","صافي الربح / الخسارة"
"Mark Profit Distributed","تم تقسيم الأرباح"
"Please select at least one vehicle.","يرجى اختيار سيارة واحدة على الأقل"
"Are you sure you want to record the profit/loss distribution for {0} vehicle(s)?","هل أنت متأكد من تسجيل تقسيم أرباح/خسائر عدد {0} مركبة؟"
"Recording profit distribution...","جارٍ تسجيل تقسيم الأرباح..."
"Profit distribution recorded successfully for {0} vehicle(s).","تم تسجيل تقسيم الأرباح بنجاح لعدد {0} مركبة"
"Not Distributed ({0})","لم يتم التقسيم ({0})"
"Distributed ({0})","تم التقسيم ({0})"
"A maximum of 500 vehicles can be processed at once.","يمكن معالجة 500 مركبة كحد أقصى في العملية الواحدة."
"Vehicle Master {0} does not exist.","سجل المركبة {0} غير موجود."
"You do not have permission to update VIN {0}.","ليست لديك صلاحية تحديث المركبة ذات رقم الهيكل {0}."
"VIN {0} has already been marked as profit distributed.","تم تسجيل تقسيم أرباح المركبة ذات رقم الهيكل {0} مسبقاً."
"VIN {0} is not sold and cannot be marked as profit distributed.","المركبة ذات رقم الهيكل {0} غير مباعة ولا يمكن تسجيل تقسيم أرباحها."
"VIN {0} does not have a valid Final Valuation Rate.","المركبة ذات رقم الهيكل {0} لا تحتوي على تكلفة نهائية صحيحة."
"VIN {0} does not have a valid Selling Rate.","المركبة ذات رقم الهيكل {0} لا تحتوي على سعر بيع صحيح."
